home_id,predicted_cycle_days
H105165,140
H105228,167
H104895,162
H105114,155
H105155,234
H104917,260
H105019,204
H104800,207
H105143,152
H105002,200
H104891,156
H104965,249
H104951,266
H105138,255
H104846,137
H105184,244
H104847,189
H104818,137
H105118,164
H105235,216
H104939,274
H104813,215
H104758,124
H104903,162
H105189,201
H105176,131
H105043,178
H104672,145
H104662,105
H104983,169
H104709,172
H104962,279
H104959,236
H104799,137
H104859,217
H104950,144
H105089,160
H104940,160
H104937,159
H104978,116
H104760,144
H104898,114
H105219,220
H104729,132
H104987,164
H105214,140
H104954,236
H104829,194
H104872,167
H104791,130
H104689,214
H104719,136
H104712,167
H104768,159
H104831,143
H105046,175
H104774,142
H104756,142
H105036,223
H104710,211
H104988,160
H105014,187
H105124,173
H104929,201
H105094,259
H104805,245
H104998,175
H105060,235
H105178,200
H104881,118
H104999,222
H105047,168
H105195,219
H105070,163
H105037,146
H104714,162
H105003,311
H105158,354
H104851,129
H105210,166
H105137,288
H104980,231
H105205,277
H105226,241
H104705,234
H104904,169
H104838,242
H105111,298
H105217,207
H105049,157
H104741,217
H104814,143
H104682,134
H105116,192
H105141,223
H104697,149
H104923,175
H105191,226
H105109,146
H104669,210
H104936,163
H104985,166
H105071,181
H104691,132
H104681,154
H105127,151
H105230,249
H104684,139
H105132,206
H105220,160
H105186,208
H104986,191
H104821,111
H104711,109
H104748,147
H104902,143
H104724,240
H105167,230
H105018,211
H105204,229
H104901,183
H105053,190
H105180,155
H105042,225
H105045,180
H104934,135
H104888,195
H104699,139
H105044,262
H105122,197
H105064,199
H105005,237
H104992,135
H105090,167
H104715,230
H104918,192
H104730,187
H104749,261
H104930,154
H105139,253
H104876,276
H104920,169
H105216,148
H104887,145
H105065,236
H104852,128
H104779,119
H104932,144
H105148,308
H104953,163
H105081,176
H105068,243
H104777,184
H104778,253
H105082,155
H104879,187
H104797,214
H104804,156
H104807,173
H104967,189
H104894,144
H105039,176
H104863,173
H105222,182
H105126,249
H105224,145
H105106,183
H105125,146
H104690,153
H104964,156
H105200,170
H104679,249
H104772,173
H104659,214
H105088,158
H104948,203
H104972,147
H105078,304
H105147,204
H104661,122
H105211,220
H104717,137
H105227,173
H105084,147
H104663,200
H105029,234
H104733,138
H104850,137
H105177,143
H104875,220
H104739,119
H105073,193
H104685,142
H105013,226
H105009,171
H105101,310
H105112,231
H104907,167
H104767,128
H104942,274
H104806,138
H104673,168
H104833,192
H105023,136
H104773,220
H104824,146
H105146,146
H104880,211
H104718,134
H105131,142
H104745,117
H104823,155
H104757,212
H105149,304
H104827,160
H104931,129
H104700,205
H104995,185
H105066,229
H105056,158
H104832,147
H104738,128
H104975,157
H104687,190
H105128,146
H104915,252
H105041,187
H104809,252
H104725,151
H104981,143
H105234,199
H104861,152
H105069,176
H105016,175
H104716,134
H105162,236
H104721,168
H105185,219
H104770,230
H104853,148
H104743,200
H105001,134
H105151,294
H104996,237
H104952,126
H105207,162
H104899,225
H105104,166
H104908,228
H104943,258
H104788,227
H105174,158
H105095,219
H104877,135
H104755,172
H105164,257
H105202,151
H105206,229
H104836,169
H105225,124
H105201,150
H104762,154
H104740,264
H104977,241
H105030,124
H104886,187
H105040,166
H104922,237
H105117,184
H104912,179
H104830,163
H104896,131
H105010,224
H104798,254
H104926,234
H105183,212
H105096,133
H104871,134
H105136,355
H105012,207
H104674,148
H104822,156
H105192,178
H105026,143
H104696,125
H105123,242
H104865,125
H105169,141
H104732,144
H105113,143
H104763,128
H104960,158
H104675,132
H104750,239
H104747,196
H104864,113
H104761,134
H104897,183
H104989,258
H104905,145
H104816,122
H104792,158
H105188,207
H105198,178
H104677,222
H105085,265
H105100,225
H105006,188
H104933,121
H105179,207
H105163,294
H104970,174
H105075,167
H105099,165
H104927,200
H104693,189
H104840,189
H104843,131
H104866,251
H104753,145
H105129,279
H105034,176
H104781,151
H105083,270
H104737,256
H104720,159
H104910,125
H104784,246
H105054,194
H105051,182
H105223,159
H105182,145
H105028,203
H104726,177
H104683,125
H105067,146
H105105,164
H105232,262
H104785,167
H105173,175
H104993,237
H105017,158
H104837,184
H105038,199
H105190,138
H105154,205
H104882,189
H105193,148
H105108,298
H104752,128
H104728,137
H104695,253
H104955,202
H104819,224
H104670,113
H104803,179
H105110,284
H104786,123
H105021,148
H104961,176
H104668,144
H105134,160
H104835,150
H104890,149
H104869,145
H104787,128
H104802,115
H104900,172
H104666,169
H105231,153
H104957,153
H104969,139
H104913,212
H105130,146
H105087,193
H104667,231
H104815,117
H104686,132
H104925,154
H104973,280
H104723,139
H105145,199
H104914,162
H105063,254
H104812,174
H104707,118
H104867,150
H104946,160
H104660,182
H105000,163
H104928,153
H104924,177
H105076,165
H105086,232
H105027,276
H104754,148
H105209,187
H105011,168
H104701,150
H105020,205
H105062,117
H105229,144
H104775,125
H104704,134
H104820,195
H105150,186
H104776,154
H104947,292
H104736,177
H105159,171
H105048,126
H105199,196
H104722,120
H104997,147
H105160,165
H105156,144
H105233,240
H104889,119
H104956,155
H104845,109
H105092,264
H104858,136
H105079,165
H105024,167
H105098,224
H105144,153
H104780,184
H105212,194
H104906,312
H104966,161
H105208,219
H105022,229
H104817,139
H104744,153
H104884,137
H105035,170
H104921,154
H104990,170
H105170,269
H104735,151
H105157,223
H105135,261
H104746,218
H105080,221
H105236,264
H104841,136
H104764,180
H105168,242
H105097,204
H104708,215
H105203,207
H104664,182
H104676,178
H104893,154
H105172,226
H105031,167
H105166,255
H104765,218
H105102,159
H105077,149
H104793,187
H104671,110
H104885,129
H104873,116
H104849,226
H104911,189
H104979,290
H104941,178
H104688,188
H104828,176
H104839,152
H104759,216
H104856,163
H104868,145
H104794,130
H105215,145
H104808,122
H104857,205
H105032,164
H104825,214
H105152,221
H104795,159
H104944,165
H104994,223
H105119,203
H105055,184
H105072,214
H104790,163
H104698,128
H105093,149
H105120,215
H104874,201
H104702,228
H104713,148
H105218,180
H105133,165
H105115,317
H104958,172
H104919,173
H104963,151
H104694,208
H104974,160
H105058,133
H104968,248
H104935,123
H104783,188
H104801,152
H104769,173
H104982,187
H104991,186
H105052,159
H104892,193
H104766,187
H105197,133
H104706,153
H104862,182
H104680,128
H105061,128
H104742,235
H104789,156
H105074,128
H104945,272
H104782,177
H104692,108
H105175,227
H104678,155
H105187,221
H104878,214
H105140,259
H105015,232
H104883,117
H104751,205
H104810,244
H105221,268
H104976,148
H105107,178
H105181,200
H104938,157
H105008,206
H105033,218
H105059,161
H104916,228
H104731,215
H104854,152
H105142,212
H104796,185
H105153,240
H105121,267
H104860,225
H104971,210
H104949,252
H104848,163
H104771,187
H104842,149
H104811,241
H104984,171
H104703,124
H105103,161
H104665,267
H104909,260
H104734,136
H105171,142
H105050,164
H105091,166
H104727,153
H104826,175
H105213,157
H105025,222
H105004,237
H105194,148
H105057,233
H104844,257
H105007,124
H104870,255
H105161,251
H105196,183
H104855,147
H104834,153
